method,best_K,mean_accuracy,std_accuracy,mean_f1,mean_auroc,mean_best_lambda
signal_to_noise,24,0.95,0.0684653196881457,0.9636363636363636,0.9866666666666668,
anova_f_test,32,0.95,0.0684653196881457,0.9636363636363636,0.9866666666666668,
mutual_information,50,0.95,0.0684653196881457,0.9636363636363636,0.9733333333333334,
t_test,32,0.95,0.0684653196881457,0.9636363636363636,0.94,
ensemble_voting,32,0.925,0.1118033988749894,0.9418181818181818,0.9866666666666668,
scad_regularization,8,0.925,0.1118033988749894,0.9484848484848484,0.9233333333333336,1.5200000000000005
