method,best_K,mean_accuracy,std_accuracy,mean_f1,mean_auroc
signal_to_noise,24,0.95,0.06846531968814577,0.9636363636363636,0.9866666666666667
anova_f_test,32,0.95,0.06846531968814577,0.9636363636363636,0.9866666666666667
mutual_information,50,0.95,0.06846531968814577,0.9636363636363636,0.9733333333333334
t_test,32,0.95,0.06846531968814577,0.9636363636363636,0.9400000000000001
ensemble_voting,32,0.925,0.11180339887498948,0.9418181818181818,0.9866666666666667
