method,best_K,mean_accuracy,std_accuracy,mean_f1,mean_auroc,mean_best_lambda
scad_regularization,8,0.925,0.11180339887498948,0.9484848484848485,0.9233333333333335,1.5200000000000005
